<?xml version="1.0" encoding="UTF-8"?>
<folder exportedWithPermissions="true">
    <parent>/public/Demos</parent>
    <name>The_ISS</name>
    <label>The ISS</label>
    <description>Details of the space station from a CSV datasource and its position live from REST / JSON call</description>
    <creationDate>2017-09-07T16:11:49.612+01:00</creationDate>
    <updateDate>2017-09-07T16:11:49.612+01:00</updateDate>
    <resource>Galileo_satellites_list_wikipedia.csv</resource>
    <resource>GalileoConstellationCSV.xml</resource>
    <resource>ISSposition.xml</resource>
    <resource>The_ISS_report</resource>
</folder>
