<?xml version="1.0" encoding="UTF-8"?>
<reportUnit exportedWithPermissions="true">
    <folder>/public/Demos/The_ISS</folder>
    <name>The_ISS_report</name>
    <version>1</version>
    <label>The ISS report</label>
    <description>Details of the Space Station from a CSV document and its position live from REST call and JSONQL query</description>
    <creationDate>2017-09-07T16:13:41.458+01:00</creationDate>
    <updateDate>2017-09-07T16:15:45.428+01:00</updateDate>
    <mainReport>
        <localResource
            xmlns:xsi="http://www.w3.org/2001/XMLSchema-instance"
            exportedWithPermissions="false" dataFile="main_jrxml.data" xsi:type="fileResource">
            <folder>/public/Demos/The_ISS/The_ISS_report_files</folder>
            <name>main_jrxml</name>
            <version>2</version>
            <label>Main jrxml</label>
            <creationDate>2017-09-07T16:13:41.458+01:00</creationDate>
            <updateDate>2017-09-07T16:15:45.341+01:00</updateDate>
            <fileType>jrxml</fileType>
        </localResource>
    </mainReport>
    <resource>
        <localResource
            xmlns:xsi="http://www.w3.org/2001/XMLSchema-instance"
            exportedWithPermissions="false"
            dataFile="SatelliteTransparent.png.data" xsi:type="fileResource">
            <folder>/public/Demos/The_ISS/The_ISS_report_files</folder>
            <name>SatelliteTransparent.png</name>
            <version>1</version>
            <label>SatelliteTransparent.png</label>
            <creationDate>2017-09-07T16:13:41.458+01:00</creationDate>
            <updateDate>2017-09-07T16:13:41.458+01:00</updateDate>
            <fileType>img</fileType>
        </localResource>
    </resource>
    <resource>
        <localResource
            xmlns:xsi="http://www.w3.org/2001/XMLSchema-instance"
            exportedWithPermissions="false"
            dataFile="Galileo_Logo.png.data" xsi:type="fileResource">
            <folder>/public/Demos/The_ISS/The_ISS_report_files</folder>
            <name>Galileo_Logo.png</name>
            <version>1</version>
            <label>Galileo Logo.png</label>
            <creationDate>2017-09-07T16:13:41.458+01:00</creationDate>
            <updateDate>2017-09-07T16:13:41.458+01:00</updateDate>
            <fileType>img</fileType>
        </localResource>
    </resource>
    <resource>
        <localResource
            xmlns:xsi="http://www.w3.org/2001/XMLSchema-instance"
            exportedWithPermissions="false"
            dataFile="Map_Satellite_Position_sub_report.jrxml.data" xsi:type="fileResource">
            <folder>/public/Demos/The_ISS/The_ISS_report_files</folder>
            <name>Map_Satellite_Position_sub_report.jrxml</name>
            <version>2</version>
            <label>Map Satellite Position sub report.jrxml</label>
            <creationDate>2017-09-07T16:13:41.458+01:00</creationDate>
            <updateDate>2017-09-07T16:15:45.361+01:00</updateDate>
            <fileType>jrxml</fileType>
        </localResource>
    </resource>
    <alwaysPromptControls>true</alwaysPromptControls>
    <controlsLayout>1</controlsLayout>
</reportUnit>
